CustomerID,CustomerName,SegmentID
RH-19495,Rick Hansen,SE0
JR-16210,Justin Ritter,SE1
CR-12730,Craig Reiter,SE0
KM-16375,Katherine Murray,SE2
RH-9495,Rick Hansen,SE0
JM-15655,Jim Mitchum,SE1
TS-21340,Toby Swindell,SE0
MB-18085,Mick Brown,SE0
JW-15220,Jane Waco,SE1
JH-15985,Joseph Holt,SE0
GM-14695,Greg Maxwell,SE1
AJ-10780,Anthony Jacobs,SE1
MM-7260,Magdelene Morse,SE0
VF-21715,Vicky Freymann,SE2
PF-19120,Peter Fuller,SE0
BP-11185,Ben Peterman,SE1
TB-21175,Thomas Boland,SE1
PJ-18835,Patrick Jones,SE1
JS-15685,Jim Sink,SE1
RH-9555,Ritsa Hightower,SE0
AB-600,Ann Blume,SE1
SA-20830,Sue Ann Reed,SE0
JK-15325,Jason Klamczynski,SE1
LB-16795,Laurel Beltran,SE2
NP-18325,Naresj Patel,SE0
VD-21670,Valerie Dominguez,SE0
PB-19210,Phillip Breyer,SE1
EB-14110,Eugene Barchas,SE0
KF-16285,Karen Ferguson,SE2
BP-11230,Benjamin Patterson,SE0
RR-19525,Rick Reed,SE1
BS-11365,Bill Shonely,SE1
JE-15745,Joel Eaton,SE0
DP-13105,Dave Poirier,SE1
NP-18700,Nora Preis,SE0
AH-30,Aaron Hawkins,SE1
DM-13015,Darrin Martin,SE0
GT-14635,Grant Thornton,SE1
PO-18865,Patrick O'Donnell,SE0
DL-12865,Dan Lawera,SE0
JB-16000,Joy Bell-,SE0
BF-11005,Barry Franz,SE2
VG-21805,Vivek Grady,SE1
GT-14710,Greg Tran,SE0
ZC-21910,Zuschuss Carroll,SE0
SC-20095,Sanjit Chand,SE0
EB-13840,Ellis Ballard,SE1
AP-10915,Arthur Prichep,SE0
SW-20275,Scott Williamson,SE0
JH-15820,John Huston,SE0
LC-16885,Lena Creighton,SE0
TG-11640,Trudy Glocke,SE0
HR-14830,Harold Ryan,SE1
DG-3300,Deirdre Greer,SE1
SG-20470,Sheri Gordon,SE0
FH-14365,Fred Hopkins,SE1
GP-14740,Guy Phonely,SE1
MW-18220,Mitch Webber,SE0
PO-18850,Patrick O'Brill,SE0
CS-12460,Chuck Sachs,SE0
KD-16495,Keith Dawkins,SE1
MS-17980,Michael Stewart,SE1
KC-16675,Kimberly Carter,SE1
DB-13405,Denny Blanton,SE0
JD-15895,Jonathan Doherty,SE1
DK-13090,Dave Kipp,SE0
CS-11845,Cari Sayre,SE1
EM-14200,Evan Minnotte,SE2
DW-3480,Dianna Wilson,SE2
AS-10225,Alan Schoenberger,SE1
ST-20530,Shui Tom,SE0
BW-1065,Barry Weirich,SE0
LA-16780,Laura Armstrong,SE1
AB-10150,Aimee Bixby,SE0
CM-12385,Christopher Martinez,SE0
BE-11410,Bobby Elias,SE0
SZ-20035,Sam Zeldin,SE2
RM-19375,Raymond Messe,SE0
HG-14845,Harry Greene,SE0
DP-3105,Dave Poirier,SE1
AR-10540,Andy Reiter,SE0
TP-21415,Tom Prescott,SE0
AM-10705,Anne McFarland,SE0
AB-255,Alejandro Ballentine,SE2
RP-19270,Rachel Payne,SE1
BK-11260,Berenike Kampe,SE0
JM-15250,Janet Martin,SE0
LW-16990,Lindsay Williams,SE1
NZ-18565,Nick Zandusky,SE2
SV-10815,Stuart Van,SE1
SC-20695,Steve Chapman,SE1
NC-18625,Noah Childs,SE1
NF-18385,Natalie Fritzler,SE0
PM-18940,Paul MacIntyre,SE0
MZ-17335,Maria Zettner,SE2
HM-4980,Henry MacAllister,SE0
RW-19540,Rick Wilson,SE1
LH-17155,Logan Haushalter,SE0
KM-16660,Khloe Miller,SE0
AB-10060,Adam Bellavance,SE2
DB-13060,Dave Brooks,SE0
VM-21685,Valerie Mitchum,SE2
DM-13525,Don Miller,SE1
NM-18520,Neoma Murray,SE0
RO-19780,Rose O'Brian,SE0
SB-20185,Sarah Brown,SE0
EM-14065,Erin Mull,SE0
RS-19765,Roland Schwarz,SE1
ON-18715,Odella Nelson,SE1
VS-21820,Vivek Sundaresam,SE0
CM-12115,Chad McGuire,SE0
TB-21400,Tom Boeckenhauer,SE0
AB-10105,Adrian Barton,SE0
DW-13540,Don Weiss,SE0
PS-19045,Penelope Sewall,SE2
CC-12370,Christopher Conant,SE0
TC-21295,Toby Carlisle,SE0
GM-14440,Gary McGarr,SE0
SV-20815,Stuart Van,SE1
MM-17920,Michael Moore,SE0
JK-16120,Julie Kriz,SE2
DJ-13510,Don Jones,SE1
AT-10435,Alyssa Tate,SE2
AB-10015,Aaron Bergman,SE0
RP-19390,Resi Pölking,SE0
MJ-17740,Max Jones,SE0
PV-18985,Paul Van Hugh,SE2
SB-20290,Sean Braxton,SE1
SM-10005,Sally Matthias,SE0
KH-16330,Katharine Harms,SE1
MP-18175,Mike Pelletier,SE2
LH-17020,Lisa Hazard,SE0
ND-18370,Natalie DeCherney,SE0
CR-12625,Corey Roper,SE2
GM-14680,Greg Matthias,SE0
RA-19945,Ryan Akin,SE0
BW-11110,Bart Watters,SE1
RF-19735,Roland Fjeld,SE0
AG-10675,Anna Gayman,SE0
DM-12955,Dario Medina,SE1
KD-16270,Karen Daniels,SE0
BE-11335,Bill Eplett,SE2
SO-20335,Sean O'Donnell,SE0
DK-12835,Damala Kotsonis,SE1
LC-7050,Liz Carlisle,SE0
CG-12520,Claire Gute,SE0
TB-21280,Toby Braunhardt,SE0
HG-15025,Hunter Glantz,SE0
AD-10180,Alan Dominguez,SE2
BP-11155,Becky Pak,SE0
AA-10480,Andrew Allen,SE0
RL-19615,Rob Lucas,SE0
CS-12505,Cindy Stewart,SE0
SW-20245,Scot Wooten,SE0
TA-21385,Tom Ashbrook,SE2
YC-21895,Yoseph Carroll,SE1
JM-15580,Jill Matthias,SE0
MZ-7335,Maria Zettner,SE2
JF-15295,Jason Fortune-,SE0
JL-15835,John Lee,SE0
DJ-3510,Don Jones,SE1
MF-18250,Monica Federle,SE1
JE-15610,Jim Epp,SE1
CP-12340,Christine Phan,SE1
EH-14125,Eugene Hildebrand,SE2
NC-18340,Nat Carroll,SE0
JS-16030,Joy Smith,SE0
AM-10360,Alice McCarthy,SE1
JF-15190,Jamie Frazer,SE0
JG-15160,James Galang,SE0
DP-13390,Dennis Pardue,SE2
AG-10330,Alex Grayson,SE0
GK-14620,Grace Kelly,SE1
NF-18475,Neil Französisch,SE2
DR-12940,Daniel Raglin,SE2
NB-18655,Nona Balk,SE1
NM-18445,Nathan Mautz,SE2
NP-18670,Nora Paige,SE0
SC-20380,Shahid Collister,SE0
PA-9060,Pete Armstrong,SE2
RB-19570,Rob Beeghly,SE0
SR-20740,Steven Roelle,SE2
RH-19510,Rick Huthwaite,SE2
LH-16750,Larry Hughes,SE0
KB-16585,Ken Black,SE1
EM-13810,Eleni McCrary,SE1
MZ-7515,Mary Zewe,SE1
DM-13345,Denise Monton,SE1
CA-11965,Carol Adams,SE1
SC-20305,Sean Christensen,SE0
MH-18115,Mick Hernandez,SE2
KS-16300,Karen Seio,SE1
BG-11740,Bruce Geld,SE0
CR-2625,Corey Roper,SE2
CB-12415,Christy Brittain,SE0
AP-10720,Anne Pryor,SE2
CR-12820,Cyra Reiten,SE2
BF-11080,Bart Folk,SE0
JM-15265,Janet Molinari,SE1
TW-21025,Tamara Willingham,SE2
RB-19330,Randy Bradley,SE0
JA-15970,Joseph Airdo,SE0
AB-60,Adam Bellavance,SE2
JR-5670,Jim Radford,SE0
MD-17350,Maribeth Dona,SE0
PK-19075,Pete Kriz,SE0
TP-21130,Theone Pippenger,SE0
JK-15640,Jim Kriz,SE2
CD-11920,Carlos Daly,SE0
JL-5835,John Lee,SE0
EP-13915,Emily Phan,SE0
MS-17770,Maxwell Schwartz,SE0
CM-12655,Corinna Mitchell,SE2
JC-6105,Julie Creighton,SE1
GB-14530,George Bell,SE1
JH-16180,Justin Hirsh,SE0
MT-8070,Michelle Tran,SE2
CV-2805,Cynthia Voltz,SE1
NH-18610,Nicole Hansen,SE1
HJ-14875,Heather Jas,SE2
JL-15175,James Lanier,SE2
MY-18295,Muhammed Yedwab,SE1
MW-18235,Mitch Willingham,SE1
KC-16540,Kelly Collister,SE0
HA-14920,Helen Andreada,SE0
MT-17815,Meg Tillman,SE0
FW-14395,Fred Wasserman,SE1
BH-11710,Brosina Hoffman,SE0
DK-12895,Dana Kaydos,SE0
SC-20845,Sung Chung,SE0
CY-12745,Craig Yedwab,SE1
HL-15040,Hunter Lopez,SE0
CT-11995,Carol Triggs,SE0
GR-4560,Georgia Rosenberg,SE1
TT-21070,Ted Trevino,SE0
PO-19195,Phillina Ober,SE2
ED-13885,Emily Ducich,SE2
TM-21490,Tony Molinari,SE0
AW-10840,Anthony Witt,SE0
AT-10735,Annie Thurman,SE0
SG-10605,Speros Goranitis,SE0
BM-11785,Bryan Mills,SE0
DK-13375,Dennis Kane,SE0
PF-19225,Phillip Flathmann,SE0
TG-21310,Toby Gnade,SE0
SF-10200,Sarah Foster,SE0
JW-5220,Jane Waco,SE1
CC-12100,Chad Cunningham,SE2
RD-19930,Russell D'Ascenzo,SE0
BP-1230,Benjamin Patterson,SE0
CS-12175,Charles Sheldon,SE1
JD-16060,Julia Dunbar,SE0
GH-14665,Greg Hansen,SE0
CM-11935,Carlos Meador,SE0
RB-9465,Rick Bensley,SE2
RB-19795,Ross Baird,SE2
DL-13495,Dionis Lloyd,SE1
TS-21205,Thomas Seio,SE1
MV-8190,Mike Vittorini,SE0
BD-11560,Brendan Dodson,SE2
PS-18760,Pamela Stobb,SE0
FM-14215,Filia McAdams,SE1
CA-12775,Cynthia Arntzen,SE0
CD-12790,Cynthia Delaney,SE2
NL-18310,Nancy Lomonaco,SE2
TB-21055,Ted Butterfield,SE0
EH-4125,Eugene Hildebrand,SE2
KB-16600,Ken Brennan,SE1
KW-16435,Katrina Willman,SE0
MG-17695,Maureen Gnade,SE0
HM-14860,Harry Marie,SE1
BP-11290,Beth Paige,SE0
HZ-4950,Henia Zydlo,SE0
TC-20980,Tamara Chand,SE1
EM-13825,Elizabeth Moffitt,SE1
BS-11800,Bryan Spruell,SE2
DV-13465,Dianna Vittorini,SE0
MB-17305,Maria Bertelson,SE0
PC-19000,Pauline Chand,SE2
CA-12310,Christine Abelman,SE1
KC-16255,Karen Carlisle,SE1
DB-3660,Duane Benoit,SE0
SC-20260,Scott Cohen,SE1
BD-11500,Bradley Drucker,SE0
BM-11140,Becky Martin,SE0
KB-16315,Karl Braun,SE0
JM-15865,John Murray,SE0
AF-10885,Art Foster,SE0
SJ-20500,Shirley Jackson,SE0
WB-21850,William Brown,SE0
CC-12610,Corey Catlett,SE1
BE-11455,Brad Eason,SE2
TG-21640,Trudy Glocke,SE0
MS-17365,Maribeth Schnelling,SE0
NP-18685,Nora Pelletier,SE2
RM-19675,Robert Marley,SE2
SN-20560,Skye Norling,SE2
CD-12280,Christina DeMoss,SE0
BG-11035,Barry Gonzalez,SE0
CC-12550,Clay Cheatham,SE0
SV-20785,Stewart Visinsky,SE0
HW-14935,Helen Wasserman,SE1
AS-10285,Alejandro Savely,SE1
LD-16855,Lela Donovan,SE1
NS-18505,Neola Schneider,SE0
CM-12715,Craig Molinari,SE1
JD-6060,Julia Dunbar,SE0
MG-17680,Maureen Gastineau,SE2
DB-13210,Dean Braden,SE0
CS-11860,Cari Schnelling,SE0
GG-14650,Greg Guthrie,SE1
BN-11470,Brad Norvell,SE1
BS-1665,Brian Stugart,SE0
AC-10450,Amy Cox,SE0
CK-12205,Chloris Kastensmidt,SE0
JD-16150,Justin Deggeller,SE1
CC-2550,Clay Cheatham,SE0
MS-17830,Melanie Seite,SE0
SM-20950,Suzanne McNair,SE1
CL-12700,Craig Leslie,SE2
CM-12160,Charles McCrossin,SE0
JC-15775,John Castell,SE0
LH-16900,Lena Hernandez,SE0
DV-13045,Darrin Van Huff,SE1
BT-11530,Bradley Talbott,SE2
BM-1650,Brian Moss,SE1
MG-18205,Mitch Gastineau,SE1
RB-19705,Roger Barcio,SE2
FC-14245,Frank Carlisle,SE2
TT-21220,Thomas Thornton,SE0
SJ-20215,Sarah Jordon,SE0
PB-18805,Patrick Bzostek,SE2
RW-19690,Robert Waldorf,SE0
DB-3360,Dennis Bolton,SE2
DK-13150,David Kendrick,SE1
RW-9540,Rick Wilson,SE1
MP-17470,Mark Packer,SE2
TB-21625,Trudy Brown,SE0
MO-17800,Meg O'Connel,SE2
MR-17545,Mathew Reese,SE2
LC-17050,Liz Carlisle,SE0
RA-19885,Ruben Ausman,SE1
MG-8145,Mike Gockenbach,SE0
JE-16165,Justin Ellison,SE1
JK-16090,Juliana Krohn,SE0
EM-13960,Eric Murdock,SE0
DJ-13420,Denny Joy,SE1
BO-11425,Bobby Odegard,SE0
LW-17215,Luke Weiss,SE0
PJ-19015,Pauline Johnson,SE0
KM-16720,Kunst Miller,SE0
BG-11695,Brooke Gillingham,SE1
CS-12130,Chad Sievert,SE0
MC-17425,Mark Cousins,SE1
BD-1635,Brian Derr,SE0
RF-19345,Randy Ferguson,SE1
MG-7680,Maureen Gastineau,SE2
KH-16690,Kristen Hastings,SE1
CC-12475,Cindy Chapman,SE0
LT-16765,Larry Tron,SE0
BF-10975,Barbara Fisher,SE1
CJ-12010,Caroline Jumper,SE0
SH-9975,Sally Hughsby,SE1
SL-20155,Sara Luxemburg,SE2
NC-8340,Nat Carroll,SE0
JB-5400,Jennifer Braxton,SE1
TB-21250,Tim Brockman,SE0
PS-18970,Paul Stevenson,SE2
BB-11545,Brenda Bowman,SE1
SG-10470,Sheri Gordon,SE0
SP-20920,Susan Pistek,SE0
Dp-13240,Dean percer,SE2
GZ-14470,Gary Zandusky,SE0
AH-10075,Adam Hart,SE1
CB-2025,Cassandra Brandow,SE0
SC-20050,Sample Company A,SE2
SC-10230,Scot Coram,SE1
JS-15595,Jill Stevenson,SE1
BS-11380,Bill Stewart,SE1
JL-5130,Jack Lebron,SE0
AS-10090,Adam Shillingsburg,SE0
EL-13735,Ed Ludwig,SE2
FH-14275,Frank Hawley,SE1
OT-18730,Olvera Toch,SE0
SM-10320,Sean Miller,SE2
PM-19135,Peter McVee,SE2
TS-11430,Tom Stivers,SE1
LS-17245,Lynn Smith,SE0
SF-20200,Sarah Foster,SE0
CM-11815,Candace McMahon,SE1
FG-14260,Frank Gastineau,SE2
KN-6705,Kristina Nunn,SE2
TB-11520,Tracy Blumstein,SE0
JB-15400,Jennifer Braxton,SE1
KH-16510,Keith Herrera,SE0
DL-13330,Denise Leinenbach,SE0
KN-16390,Katherine Nockton,SE1
SV-20935,Susan Vittorini,SE0
MD-17860,Michael Dominguez,SE1
LS-17200,Luke Schmidt,SE1
CM-12445,Chuck Magee,SE0
SS-20140,Saphhira Shifley,SE1
GH-14425,Gary Hwang,SE0
SM-20320,Sean Miller,SE2
GR-14560,Georgia Rosenberg,SE1
TS-21370,Todd Sumrall,SE1
DH-3675,Duane Huffman,SE2
MM-8280,Muhammed MacIntyre,SE1
PM-9135,Peter McVee,SE2
GP-4740,Guy Phonely,SE1
AF-10870,Art Ferguson,SE0
TS-21505,Tony Sayre,SE0
BM-11575,Brendan Murry,SE1
AH-10030,Aaron Hawkins,SE1
AG-10495,Andrew Gjertsen,SE1
AG-675,Anna Gayman,SE0
SW-20755,Steven Ward,SE1
SK-19990,Sally Knutson,SE0
AG-10900,Arthur Gainer,SE0
AJ-960,Astrea Jones,SE0
MC-7275,Marc Crier,SE0
ER-13855,Elpida Rittenbach,SE1
EJ-13720,Ed Jacobs,SE0
DH-13675,Duane Huffman,SE2
HE-14800,Harold Engle,SE1
KT-16480,Kean Thornton,SE0
SB-20170,Sarah Bern,SE0
EM-14140,Eugene Moren,SE2
VT-21700,Valerie Takahito,SE2
JS-15880,John Stevenson,SE0
BC-11125,Becky Castell,SE2
NF-18595,Nicole Fjeld,SE2
RH-9600,Rob Haberlin,SE0
CS-11950,Carlos Soltero,SE0
CM-12235,Chris McAfee,SE0
LW-16825,Laurel Workman,SE1
RD-19585,Rob Dowd,SE0
BT-11680,Brian Thompson,SE0
MD-7860,Michael Dominguez,SE1
CC-12145,Charles Crestani,SE0
XP-21865,Xylona Preis,SE0
ML-17410,Maris LaWare,SE0
BS-11665,Brian Stugart,SE0
SC-20230,Scot Coram,SE1
QJ-19255,Quincy Jones,SE1
RE-19450,Richard Eichhorn,SE0
CP-2085,Cathy Prescott,SE1
JK-5730,Joe Kamberova,SE0
HZ-14950,Henia Zydlo,SE0
AR-10570,Anemone Ratner,SE0
EH-14005,Erica Hernandez,SE2
JR-15700,Jocasta Rupert,SE0
PL-18925,Paul Lucas,SE2
TC-21145,Theresa Coyne,SE1
DG-13300,Deirdre Greer,SE1
Dl-13600,Dorris liebe,SE1
NC-18415,Nathan Cano,SE0
EB-13930,Eric Barreto,SE0
CP-12085,Cathy Prescott,SE1
SM-20005,Sally Matthias,SE0
JR-15670,Jim Radford,SE0
DL-12925,Daniel Lacy,SE0
FM-14290,Frank Merwin,SE2
DP-13165,David Philippe,SE0
CK-12595,Clytie Kelty,SE0
CM-11830,Cari MacIntyre,SE1
PP-18955,Paul Prost,SE2
MM-17260,Magdelene Morse,SE0
ME-17320,Maria Etezadi,SE2
CS-12490,Cindy Schnelling,SE1
GH-14410,Gary Hansen,SE2
MC-17635,Matthew Clasen,SE1
LM-7065,Liz MacKendrick,SE0
AR-10510,Andrew Roberts,SE0
JH-15910,Jonathan Howell,SE0
DK-3375,Dennis Kane,SE0
EG-13900,Emily Grady,SE0
AS-10630,Ann Steele,SE2
CL-11890,Carl Ludwig,SE0
CA-12265,Christina Anderson,SE0
PF-19165,Philip Fox,SE0
DB-12970,Darren Budd,SE1
CL-12565,Clay Ludtke,SE0
MF-17665,Maureen Fritzler,SE1
IM-15055,Ionia McGrath,SE0
EB-13975,Erica Bern,SE1
AA-10315,Alex Avila,SE0
MV-17485,Mark Van Huff,SE0
JW-15955,Joni Wasserman,SE0
TS-21610,Troy Staebel,SE0
MC-17575,Matt Collins,SE0
JF-5415,Jennifer Ferguson,SE0
AH-10210,Alan Hwang,SE0
KD-16345,Katherine Ducich,SE0
PG-18895,Paul Gonzalez,SE0
HK-14890,Heather Kirkland,SE1
RR-19315,Ralph Ritter,SE0
HH-5010,Hilary Holden,SE1
SH-20635,Stefanie Holloman,SE1
AR-10825,Anthony Rawles,SE1
RP-9855,Roy Phan,SE1
LR-17035,Lisa Ryan,SE1
IM-5055,Ionia McGrath,SE0
CK-12325,Christine Kargatis,SE2
AS-285,Alejandro Savely,SE1
DK-12985,Darren Koutras,SE0
EH-4185,Evan Henry,SE0
ML-17395,Marina Lichtenstein,SE1
BF-11215,Benjamin Farhat,SE2
MB-7305,Maria Bertelson,SE0
CR-12580,Clay Rozendal,SE2
TB-21520,Tracy Blumstein,SE0
KN-16450,Kean Nguyen,SE1
HR-14770,Hallie Redmond,SE2
CK-12760,Cyma Kinney,SE1
RO-9780,Rose O'Brian,SE0
EN-13780,Edward Nazzal,SE0
AH-10465,Amy Hunt,SE0
AH-10585,Angele Hood,SE0
RB-9435,Richard Bierner,SE0
AG-525,Andy Gerbode,SE1
AR-10345,Alex Russell,SE1
MW-8220,Mitch Webber,SE0
AH-210,Alan Hwang,SE0
TH-21235,Tiffany House,SE1
LT-7110,Liz Thompson,SE0
HD-14785,Harold Dahlen,SE2
MC-7575,Matt Collins,SE0
MH-18025,Michelle Huthwaite,SE0
CC-2475,Cindy Chapman,SE0
CM-12190,Charlotte Melton,SE0
RA-19915,Russell Applegate,SE0
MT-18070,Michelle Tran,SE2
JF-15415,Jennifer Ferguson,SE0
ES-14020,Erica Smith,SE0
CC-12685,Craig Carroll,SE0
IM-15070,Irene Maddox,SE0
DA-13450,Dianna Arnett,SE2
SS-10410,Shahid Shariari,SE0
BM-11650,Brian Moss,SE1
SW-20350,Sean Wendt,SE2
CM-1830,Cari MacIntyre,SE1
MY-17380,Maribeth Yedwab,SE1
MS-7830,Melanie Seite,SE0
HG-14965,Henry Goldwyn,SE1
DC-13285,Debra Catini,SE0
DL-13315,Delfina Latchford,SE0
JK-15370,Jay Kimmel,SE0
CH-2070,Cathy Hwang,SE2
MH-7440,Mark Haberlin,SE1
MC-17845,Michael Chen,SE0
PW-19030,Pauline Webber,SE1
BS-11590,Brendan Sweed,SE1
DO-13435,Denny Ordway,SE0
SG-20890,Susan Gilcrest,SE1
SU-20665,Stephanie Ulpright,SE2
JC-16105,Julie Creighton,SE1
TB-21190,Thomas Brumley,SE2
SV-10785,Stewart Visinsky,SE0
VP-21760,Victoria Pisteka,SE1
LR-16915,Lena Radford,SE0
TH-21550,Tracy Hopkins,SE2
TC-11145,Theresa Coyne,SE1
JL-15235,Janet Lee,SE0
RK-19300,Ralph Kennedy,SE0
CC-12670,Craig Carreira,SE0
DB-13555,Dorothy Badders,SE1
SG-20605,Speros Goranitis,SE0
MG-17890,Michael Granlund,SE2
MA-17560,Matt Abelman,SE2
CB-12025,Cassandra Brandow,SE0
DH-13075,Dave Hallsten,SE1
BT-11395,Bill Tyler,SE1
TT-11265,Tim Taslimi,SE1
TH-11235,Tiffany House,SE1
VG-21790,Vivek Gonzalez,SE0
NW-18400,Natalie Webber,SE0
VP-21730,Victor Preis,SE2
SS-20410,Shahid Shariari,SE0
JE-15715,Joe Elijah,SE0
AG-270,Alejandro Grove,SE0
BW-11200,Ben Wallace,SE0
EK-13795,Eileen Kiefer,SE2
SG-20080,Sandra Glassco,SE0
SC-10725,Steven Cartwright,SE0
AG-10525,Andy Gerbode,SE1
MG-18145,Mike Gockenbach,SE0
BD-11605,Brian Dahlen,SE0
PB-19105,Peter Bühler,SE0
SC-20575,Sonia Cooley,SE0
DO-3435,Denny Ordway,SE0
CC-12220,Chris Cortes,SE0
TS-21430,Tom Stivers,SE1
AZ-10750,Annie Zypern,SE0
IG-15085,Ivan Gibson,SE0
SP-20860,Sung Pak,SE1
KM-16225,Kalyca Meade,SE1
KM-6720,Kunst Miller,SE0
MM-18055,Michelle Moray,SE0
RB-19360,Raymond Buch,SE0
NC-8415,Nathan Cano,SE0
SN-20710,Steve Nguyen,SE2
DL-3330,Denise Leinenbach,SE0
JG-15115,Jack Garza,SE0
CJ-11875,Carl Jackson,SE1
AY-10555,Andy Yotov,SE1
BV-11245,Benjamin Venier,SE1
PO-9195,Phillina Ober,SE2
GZ-4545,George Zrebassa,SE1
PN-18775,Parhena Norris,SE2
SC-20800,Stuart Calhoun,SE0
AC-10615,Ann Chong,SE1
VB-21745,Victoria Brennan,SE1
TT-11460,Tonja Turnell,SE2
AC-10420,Alyssa Crouse,SE1
CG-12040,Catherine Glotzbach,SE2
TR-11325,Toby Ritter,SE0
SC-20440,Shaun Chance,SE1
BT-11305,Beth Thompson,SE2
JB-15925,Joni Blumstein,SE0
GW-14605,Giulietta Weimer,SE0
SC-20725,Steven Cartwright,SE0
EH-13765,Edward Hooks,SE1
YS-21880,Yana Sorensen,SE1
FO-14305,Frank Olsen,SE0
RP-19855,Roy Phan,SE1
AB-10600,Ann Blume,SE1
KB-16240,Karen Bern,SE1
KA-16525,Kelly Andreada,SE0
EM-3960,Eric Murdock,SE0
JD-15790,John Dryer,SE0
JL-15850,John Lucas,SE0
JW-16075,Julia West,SE0
LL-6840,Lauren Leatherbury,SE0
TH-21100,Thea Hendricks,SE0
MC-17275,Marc Crier,SE0
NG-8430,Nathan Gelder,SE0
KD-16615,Ken Dana,SE1
MC-17605,Matt Connell,SE1
JK-15625,Jim Karlsson,SE0
TS-11505,Tony Sayre,SE0
LD-6855,Lela Donovan,SE1
LP-17080,Liz Pelletier,SE0
CV-12805,Cynthia Voltz,SE1
MO-17500,Mary O'Rourke,SE0
MS-17530,MaryBeth Skach,SE0
GA-14515,George Ashbrook,SE0
CS-12355,Christine Sundaresam,SE0
GM-14500,Gene McClure,SE0
CC-2670,Craig Carreira,SE0
MN-17935,Michael Nguyen,SE0
JM-16195,Justin MacKendrick,SE0
DB-13615,Doug Bickford,SE0
PK-18910,Paul Knutson,SE2
LS-16945,Linda Southworth,SE1
JK-15730,Joe Kamberova,SE0
SW-10275,Scott Williamson,SE0
MC-18100,Mick Crebagga,SE0
EH-13945,Eric Hoffmann,SE0
LC-16930,Linda Cazamias,SE1
MA-17995,Michelle Arnett,SE2
SP-20650,Stephanie Phelps,SE1
JH-15430,Jennifer Halladay,SE0
ML-17755,Max Ludwig,SE2
PC-18745,Pamela Coakley,SE1
KE-16420,Katrina Edelman,SE1
EM-4200,Evan Minnotte,SE2
DW-13480,Dianna Wilson,SE2
SC-10680,Steve Carroll,SE2
JG-15805,John Grady,SE1
LL-16840,Lauren Leatherbury,SE0
PV-8985,Paul Van Hugh,SE2
PO-19180,Philisse Overcash,SE2
SH-19975,Sally Hughsby,SE1
GA-14725,Guy Armstrong,SE0
GT-4755,Guy Thornton,SE0
PR-18880,Patrick Ryan,SE0
AG-10765,Anthony Garverick,SE2
SE-20110,Sanjit Engle,SE0
JB-16045,Julia Barnett,SE2
JM-5580,Jill Matthias,SE0
JO-15280,Jas O'Carroll,SE0
LP-17095,Liz Preis,SE0
EJ-14155,Eva Jacobs,SE0
VW-21775,Victoria Wilson,SE1
GM-14455,Gary Mitchum,SE2
BF-1080,Bart Folk,SE0
SM-20905,Susan MacKendrick,SE0
BO-1425,Bobby Odegard,SE0
AW-10930,Arthur Wiediger,SE2
JP-15460,Jennifer Patt,SE1
AS-10240,Alan Shonely,SE0
TB-11625,Trudy Brown,SE0
JP-5520,Jeremy Pistek,SE0
BD-11770,Bryan Davis,SE0
BD-11635,Brian Derr,SE0
CC-2370,Christopher Conant,SE0
PO-8850,Patrick O'Brill,SE0
TZ-21445,Tom Zandusky,SE1
RB-19435,Richard Bierner,SE0
JE-15475,Jeremy Ellison,SE0
AI-10855,Arianne Irving,SE0
MH-17440,Mark Haberlin,SE1
JE-6165,Justin Ellison,SE1
DS-13180,David Smith,SE1
AC-10660,Anna Chung,SE0
MH-17455,Mark Hamilton,SE0
CC-12430,Chuck Clark,SE2
NG-18355,Nat Gilpin,SE1
RC-19825,Roy Collins,SE0
JD-16015,Joy Daniels,SE0
JH-5910,Jonathan Howell,SE0
SC-10695,Steve Chapman,SE1
RD-9930,Russell D'Ascenzo,SE0
LC-6930,Linda Cazamias,SE1
DW-13195,David Wiener,SE1
RD-19900,Ruben Dartt,SE0
MV-18190,Mike Vittorini,SE0
RD-19480,Rick Duston,SE0
SV-20365,Seth Vernon,SE0
LS-17230,Lycoris Saunders,SE0
GD-14590,Giulietta Dortch,SE1
EB-13750,Edward Becker,SE1
KH-6360,Katherine Hughes,SE0
BF-11275,Beth Fritzler,SE1
NG-18430,Nathan Gelder,SE0
Co-12640,Corey-Lock,SE0
SF-20965,Sylvia Foulston,SE1
KB-16405,Katrina Bavinger,SE2
LC-16870,Lena Cacioppo,SE0
JL-15505,Jeremy Lonsdale,SE0
BD-11725,Bruce Degenhardt,SE0
TM-21010,Tamara Manning,SE0
AB-150,Aimee Bixby,SE0
BW-11065,Barry Weirich,SE0
FM-14380,Fred McMath,SE0
PC-8745,Pamela Coakley,SE1
BN-1470,Brad Norvell,SE1
AH-10120,Adrian Hane,SE2
LF-17185,Luke Foster,SE0
DJ-13630,Doug Jacobs,SE0
SJ-20125,Sanjit Jacobs,SE2
ML-18265,Muhammed Lee,SE0
SF-10965,Sylvia Foulston,SE1
PO-8865,Patrick O'Donnell,SE0
MH-17290,Marc Harrigan,SE2
NR-18550,Nick Radford,SE0
MK-17905,Michael Kennedy,SE1
DB-13660,Duane Benoit,SE0
PH-18790,Patricia Hirasaki,SE2
AB-10165,Alan Barnes,SE0
CA-12055,Cathy Armstrong,SE2
JF-5295,Jason Fortune-,SE0
KT-16465,Kean Takahito,SE0
RB-9705,Roger Barcio,SE2
BD-1725,Bruce Degenhardt,SE0
EB-13705,Ed Braxton,SE1
MG-17875,Michael Grace,SE2
MG-17650,Matthew Grinstein,SE2
AG-10270,Alejandro Grove,SE0
NP-8685,Nora Pelletier,SE2
AS-630,Ann Steele,SE2
SC-20680,Steve Carroll,SE2
MC-17590,Matt Collister,SE1
TP-11415,Tom Prescott,SE0
HH-15010,Hilary Holden,SE1
BT-11485,Brad Thomas,SE2
EB-13870,Emily Burns,SE0
JP-15520,Jeremy Pistek,SE0
CM-2115,Chad McGuire,SE0
EA-14035,Erin Ashbrook,SE1
FH-14350,Fred Harton,SE0
BS-1800,Bryan Spruell,SE2
AA-10375,Allen Armold,SE0
BN-11515,Bradley Nguyen,SE0
EG-3900,Emily Grady,SE0
RE-19405,Ricardo Emerson,SE0
ND-18460,Neil Ducich,SE1
TT-21460,Tonja Turnell,SE2
ML-18040,Michelle Lonsdale,SE1
JL-5505,Jeremy Lonsdale,SE0
SP-20545,Sibella Parks,SE1
SF-10065,Sandra Flanagan,SE0
AS-10045,Aaron Smayling,SE1
TT-11220,Thomas Thornton,SE0
AH-10195,Alan Haines,SE1
KH-6630,Ken Heidel,SE1
AA-10645,Anna Andreadi,SE0
JL-15130,Jack Lebron,SE0
KM-6375,Katherine Murray,SE2
LS-16975,Lindsay Shagiari,SE2
KL-16645,Ken Lonsdale,SE0
EH-14185,Evan Henry,SE0
KW-6570,Kelly Williams,SE0
DB-3060,Dave Brooks,SE0
FA-14230,Frank Atkinson,SE1
JF-15565,Jill Fjeld,SE0
LO-7170,Lori Olson,SE1
KB-6315,Karl Braun,SE0
BS-11755,Bruce Stewart,SE0
RB-19465,Rick Bensley,SE2
HF-14995,Herbert Flentye,SE0
MP-17965,Michael Paige,SE1
JJ-15445,Jennifer Jackson,SE0
LC-17140,Logan Currie,SE0
TT-11070,Ted Trevino,SE0
BF-11020,Barry Französisch,SE1
ES-14080,Erin Smith,SE1
FC-14335,Fred Chung,SE1
TS-21160,Theresa Swint,SE1
RE-9450,Richard Eichhorn,SE0
JC-15340,Jasper Cacioppo,SE0
MH-17785,Maya Herman,SE1
RF-19840,Roy Französisch,SE0
PG-18820,Patrick Gardner,SE0
DO-13645,Doug O'Connell,SE0
SC-10305,Sean Christensen,SE0
TN-21040,Tanja Norvell,SE2
DR-12880,Dan Reichenbach,SE1
EB-3975,Erica Bern,SE1
NS-8505,Neola Schneider,SE0
SF-20065,Sandra Flanagan,SE0
RA-19285,Ralph Arnett,SE0
LT-17110,Liz Thompson,SE0
BF-11170,Ben Ferrer,SE2
AR-825,Anthony Rawles,SE1
SD-20485,Shirley Daniels,SE2
GW-4605,Giulietta Weimer,SE0
DB-13120,David Bremer,SE1
JC-5775,John Castell,SE0
ND-8460,Neil Ducich,SE1
TC-11295,Toby Carlisle,SE0
DM-2955,Dario Medina,SE1
PJ-9015,Pauline Johnson,SE0
JH-5820,John Huston,SE0
ME-18010,Michelle Ellison,SE1
AH-10690,Anna Häberlin,SE1
RD-19660,Robert Dilbeck,SE2
CD-1980,Carol Darley,SE0
CL-2565,Clay Ludtke,SE0
MO-7800,Meg O'Connel,SE2
CR-2580,Clay Rozendal,SE2
TC-10980,Tamara Chand,SE1
RD-9900,Ruben Dartt,SE0
CS-12250,Chris Selesnick,SE1
CH-12070,Cathy Hwang,SE2
JF-15355,Jay Fein,SE0
AS-135,Adrian Shami,SE2
SP-20620,Stefania Perrino,SE1
EC-14050,Erin Creighton,SE0
IG-5085,Ivan Gibson,SE0
TB-21355,Todd Boyes,SE1
MH-17620,Matt Hagelstein,SE1
GT-14755,Guy Thornton,SE0
DF-13135,David Flashing,SE0
AS-240,Alan Shonely,SE0
PG-8820,Patrick Gardner,SE0
JS-6030,Joy Smith,SE0
SS-20590,Sonia Sunley,SE0
CS-2490,Cindy Schnelling,SE1
CM-2715,Craig Molinari,SE1
BM-1140,Becky Martin,SE0
RD-19720,Roger Demir,SE0
LD-17005,Lisa DeCherney,SE0
EB-3705,Ed Braxton,SE1
RH-19555,Ritsa Hightower,SE0
JP-6135,Julie Prescott,SE2
PB-9210,Phillip Breyer,SE1
LC-16960,Lindsay Castell,SE2
JC-15385,Jenna Caffey,SE0
IL-15100,Ivan Liston,SE0
SW-10245,Scot Wooten,SE0
CP-2340,Christine Phan,SE1
NS-18640,Noel Staavos,SE1
TR-21325,Toby Ritter,SE0
NF-8385,Natalie Fritzler,SE0
TZ-21580,Tracy Zic,SE0
TB-11055,Ted Butterfield,SE0
AJ-10795,Anthony Johnson,SE1
GH-14485,Gene Hale,SE1
AG-10300,Aleksandra Gannaway,SE1
EH-3945,Eric Hoffmann,SE0
JD-6150,Justin Deggeller,SE1
KH-16360,Katherine Hughes,SE0
JB-6045,Julia Barnett,SE2
AH-585,Angele Hood,SE0
MS-7530,MaryBeth Skach,SE0
HA-14905,Helen Abelman,SE0
JG-15310,Jason Gross,SE1
CD-1920,Carlos Daly,SE0
TC-21535,Tracy Collins,SE2
PB-9105,Peter Bühler,SE0
AR-10405,Allen Rosenblatt,SE1
NK-18490,Neil Knudson,SE2
MG-7695,Maureen Gnade,SE0
AJ-10945,Ashley Jarboe,SE0
RS-19420,Ricardo Sperren,SE1
SC-20770,Stewart Carmichael,SE1
LM-17065,Liz MacKendrick,SE0
DP-13000,Darren Powers,SE0
RD-9660,Robert Dilbeck,SE2
LB-16735,Larry Blacks,SE0
MZ-17515,Mary Zewe,SE1
ER-3855,Elpida Rittenbach,SE1
MS-17710,Maurice Satty,SE0
LC-6960,Lindsay Castell,SE2
GZ-14545,George Zrebassa,SE1
JK-5625,Jim Karlsson,SE0
JJ-15760,Joel Jenkins,SE2
CA-2265,Christina Anderson,SE0
CC-2220,Chris Cortes,SE0
KL-6555,Kelly Lampkin,SE1
CS-2175,Charles Sheldon,SE1
KL-16555,Kelly Lampkin,SE1
RD-9810,Ross DeVincentis,SE2
AJ-945,Ashley Jarboe,SE0
CC-2685,Craig Carroll,SE0
LO-17170,Lori Olson,SE1
DE-13255,Deanra Eno,SE2
RF-9345,Randy Ferguson,SE1
SC-20020,Sam Craven,SE0
DW-13585,Dorothy Wardle,SE1
EM-4065,Erin Mull,SE0
TD-20995,Tamara Dahlen,SE0
BD-11320,Bill Donatelli,SE0
CW-11905,Carl Weiss,SE2
CK-2325,Christine Kargatis,SE2
BP-11095,Bart Pistole,SE1
DV-3465,Dianna Vittorini,SE0
MY-7380,Maribeth Yedwab,SE1
PB-9150,Philip Brown,SE0
AG-10390,Allen Goldenen,SE0
KW-16570,Kelly Williams,SE0
JF-5190,Jamie Frazer,SE0
GB-14575,Giulietta Baptist,SE0
MR-7545,Mathew Reese,SE2
MO-17950,Michael Oakman,SE0
TA-11385,Tom Ashbrook,SE2
JM-5655,Jim Mitchum,SE1
JS-5880,John Stevenson,SE0
HP-14815,Harold Pawlan,SE2
CS-12400,Christopher Schild,SE2
DE-3255,Deanra Eno,SE2
JD-6015,Joy Daniels,SE0
CR-2730,Craig Reiter,SE0
RC-9960,Ryan Crowe,SE0
AO-10810,Anthony O'Donnell,SE1
TB-11250,Tim Brockman,SE0
RA-9285,Ralph Arnett,SE0
MG-8205,Mitch Gastineau,SE1
MY-8295,Muhammed Yedwab,SE1
SR-20425,Sharelle Roach,SE2
BT-1530,Bradley Talbott,SE2
LS-7245,Lynn Smith,SE0
AB-10255,Alejandro Ballentine,SE2
TH-21115,Thea Hudgings,SE1
LC-6885,Lena Creighton,SE0
AC-660,Anna Chung,SE0
EM-14095,Eudokia Martin,SE1
BO-11350,Bill Overfelt,SE1
DM-3015,Darrin Martin,SE0
DD-13570,Dorothy Dickinson,SE0
KN-16705,Kristina Nunn,SE2
HM-14980,Henry MacAllister,SE0
FM-4215,Filia McAdams,SE1
JO-15145,Jack O'Briant,SE1
TC-11535,Tracy Collins,SE2
JK-15205,Jamie Kunitz,SE0
DA-3450,Dianna Arnett,SE2
DB-12910,Daniel Byrd,SE2
EH-4005,Erica Hernandez,SE2
DN-13690,Duane Noonan,SE0
AS-10135,Adrian Shami,SE2
MC-18130,Mike Caudle,SE1
MM-18280,Muhammed MacIntyre,SE1
RL-9615,Rob Lucas,SE0
MA-7560,Matt Abelman,SE2
HG-4845,Harry Greene,SE0
PB-8805,Patrick Bzostek,SE2
RW-19630,Rob Williams,SE1
BT-11440,Bobby Trafton,SE0
JC-5385,Jenna Caffey,SE0
HR-4770,Hallie Redmond,SE2
DB-3615,Doug Bickford,SE0
JK-6120,Julie Kriz,SE2
SW-20455,Shaun Weien,SE0
GH-4425,Gary Hwang,SE0
GB-4575,Giulietta Baptist,SE0
PA-19060,Pete Armstrong,SE2
CA-2775,Cynthia Arntzen,SE0
CV-12295,Christina VanderZanden,SE0
PO-9180,Philisse Overcash,SE2
NC-18535,Nick Crebassa,SE1
GZ-4470,Gary Zandusky,SE0
AM-360,Alice McCarthy,SE1
AA-480,Andrew Allen,SE0
TB-21595,Troy Blackwell,SE0
KH-16630,Ken Heidel,SE1
TS-21655,Trudy Schmidt,SE0
CD-11980,Carol Darley,SE0
DB-13360,Dennis Bolton,SE2
SK-9990,Sally Knutson,SE0
PT-19090,Pete Takahito,SE0
EH-13990,Erica Hackney,SE0
ME-17725,Max Engle,SE0
ZD-21925,Zuschuss Donatelli,SE0
MW-8235,Mitch Willingham,SE1
BP-11050,Barry Pond,SE1
RC-19960,Ryan Crowe,SE0
PN-8775,Parhena Norris,SE2
CB-12535,Claudia Bergmann,SE1
LR-7035,Lisa Ryan,SE1
JG-5160,James Galang,SE0
SC-10845,Sung Chung,SE0
DK-13225,Dean Katz,SE1
CG-2520,Claire Gute,SE0
RS-19870,Roy Skaria,SE2
DK-2835,Damala Kotsonis,SE1
CM-2385,Christopher Martinez,SE0
JE-5745,Joel Eaton,SE0
CA-1965,Carol Adams,SE1
Dl-3600,Dorris liebe,SE1
DL-2865,Dan Lawera,SE0
CM-2445,Chuck Magee,SE0
DB-13270,Deborah Brumfield,SE2
EB-4110,Eugene Barchas,SE0
BD-11620,Brian DeCherney,SE0
MN-7935,Michael Nguyen,SE0
DB-2910,Daniel Byrd,SE2
LH-7155,Logan Haushalter,SE0
JS-5940,Joni Sundaresam,SE2
GH-4410,Gary Hansen,SE2
SC-10380,Shahid Collister,SE0
SL-10155,Sara Luxemburg,SE2
EK-3795,Eileen Kiefer,SE2
PH-8790,Patricia Hirasaki,SE2
HD-4785,Harold Dahlen,SE2
CM-2190,Charlotte Melton,SE0
AR-570,Anemone Ratner,SE0
BT-1305,Beth Thompson,SE2
MH-7785,Maya Herman,SE1
SC-10260,Scott Cohen,SE1
LW-7125,Liz Willingham,SE0
SM-10905,Susan MacKendrick,SE0
TT-21265,Tim Taslimi,SE1
EJ-3720,Ed Jacobs,SE0
RS-9765,Roland Schwarz,SE1
EM-4095,Eudokia Martin,SE1
AJ-10960,Astrea Jones,SE0
BD-1770,Bryan Davis,SE0
BE-1410,Bobby Elias,SE0
KC-6255,Karen Carlisle,SE1
DV-3045,Darrin Van Huff,SE1
JD-5895,Jonathan Doherty,SE1
JM-5865,John Murray,SE0
JK-5205,Jamie Kunitz,SE0
CL-2700,Craig Leslie,SE2
GG-4650,Greg Guthrie,SE1
LS-6945,Linda Southworth,SE1
JL-5850,John Lucas,SE0
VP-11760,Victoria Pisteka,SE1
NF-8595,Nicole Fjeld,SE2
LE-16810,Laurel Elliston,SE0
JJ-5445,Jennifer Jackson,SE0
CS-2130,Chad Sievert,SE0
BM-1575,Brendan Murry,SE1
AC-615,Ann Chong,SE1
HG-5025,Hunter Glantz,SE0
TB-11400,Tom Boeckenhauer,SE0
RB-9330,Randy Bradley,SE0
JP-5460,Jennifer Patt,SE1
JL-5175,James Lanier,SE2
AA-315,Alex Avila,SE0
TS-11370,Todd Sumrall,SE1
SS-10140,Saphhira Shifley,SE1
DP-3000,Darren Powers,SE0
JS-5685,Jim Sink,SE1
PW-19240,Pierre Wener,SE0
NW-8400,Natalie Webber,SE0
TS-11340,Toby Swindell,SE0
JH-5985,Joseph Holt,SE0
NG-8355,Nat Gilpin,SE1
FP-14320,Frank Preis,SE0
SH-20395,Shahid Hopkins,SE0
JP-16135,Julie Prescott,SE2
JM-5250,Janet Martin,SE0
MA-7995,Michelle Arnett,SE2
DR-2940,Daniel Raglin,SE2
BF-1020,Barry Französisch,SE1
CS-2400,Christopher Schild,SE2
JM-15535,Jessica Myrick,SE0
JS-15940,Joni Sundaresam,SE2
AF-870,Art Ferguson,SE0
NP-8670,Nora Paige,SE0
SU-10665,Stephanie Ulpright,SE2
RD-9585,Rob Dowd,SE0
TP-21565,Tracy Poddar,SE1
LA-6780,Laura Armstrong,SE1
LH-7020,Lisa Hazard,SE0
JE-5475,Jeremy Ellison,SE0
ES-4080,Erin Smith,SE1
EM-4140,Eugene Moren,SE2
DS-13030,Darrin Sayre,SE2
ZD-11925,Zuschuss Donatelli,SE0
JO-5550,Jesus Ocampo,SE2
TB-11595,Troy Blackwell,SE0
GM-4500,Gene McClure,SE0
DD-3570,Dorothy Dickinson,SE0
FH-4365,Fred Hopkins,SE1
MK-18160,Mike Kennedy,SE0
NM-8445,Nathan Mautz,SE2
JF-5355,Jay Fein,SE0
BF-975,Barbara Fisher,SE1
SS-20875,Sung Shariari,SE0
PF-9165,Philip Fox,SE0
SV-10365,Seth Vernon,SE0
BB-10990,Barry Blumstein,SE1
PW-9240,Pierre Wener,SE0
JF-15490,Jeremy Farry,SE0
CW-1905,Carl Weiss,SE2
LC-7140,Logan Currie,SE0
HK-4890,Heather Kirkland,SE1
BT-1440,Bobby Trafton,SE0
RD-19810,Ross DeVincentis,SE2
KL-6645,Ken Lonsdale,SE0
VG-11805,Vivek Grady,SE1
PF-9225,Phillip Flathmann,SE0
AB-15,Aaron Bergman,SE0
LW-6990,Lindsay Williams,SE1
PS-8970,Paul Stevenson,SE2
LW-17125,Liz Willingham,SE0
MC-7590,Matt Collister,SE1
JO-15550,Jesus Ocampo,SE2
SJ-10125,Sanjit Jacobs,SE2
SS-20515,Shirley Schmidt,SE2
RB-19645,Robert Barroso,SE1
BP-1050,Barry Pond,SE1
PG-8895,Paul Gonzalez,SE0
RM-19750,Roland Murray,SE0
KM-6225,Kalyca Meade,SE1
AH-120,Adrian Hane,SE2
BM-1785,Bryan Mills,SE0
NR-8550,Nick Radford,SE0
EB-14170,Evan Bailliet,SE0
PB-19150,Philip Brown,SE0
TP-11130,Theone Pippenger,SE0
KN-6450,Kean Nguyen,SE1
RD-9720,Roger Demir,SE0
RS-9870,Roy Skaria,SE2
EB-3840,Ellis Ballard,SE1
TC-21475,Tony Chapman,SE2
BH-1710,Brosina Hoffman,SE0
MH-7620,Matt Hagelstein,SE1
PT-9090,Pete Takahito,SE0
DC-2850,Dan Campbell,SE0
AG-900,Arthur Gainer,SE0
DC-12850,Dan Campbell,SE0
JF-5565,Jill Fjeld,SE0
SR-10740,Steven Roelle,SE2
MK-7905,Michael Kennedy,SE1
JK-5370,Jay Kimmel,SE0
GM-4680,Greg Matthias,SE0
PC-9000,Pauline Chand,SE2
DL-3315,Delfina Latchford,SE0
JL-5235,Janet Lee,SE0
BB-990,Barry Blumstein,SE1
RP-9390,Resi Pölking,SE0
ES-4020,Erica Smith,SE0
MH-7455,Mark Hamilton,SE0
JD-5790,John Dryer,SE0
DB-3270,Deborah Brumfield,SE2
PK-9075,Pete Kriz,SE0
NM-8520,Neoma Murray,SE0
MO-7500,Mary O'Rourke,SE0
SG-10890,Susan Gilcrest,SE1
MF-8250,Monica Federle,SE1
JG-5310,Jason Gross,SE1
YS-11880,Yana Sorensen,SE1
FC-4245,Frank Carlisle,SE2
BW-1110,Bart Watters,SE1
BS-1590,Brendan Sweed,SE1
CS-2460,Chuck Sachs,SE0
MH-7290,Marc Harrigan,SE2
KE-6420,Katrina Edelman,SE1
AJ-780,Anthony Jacobs,SE1
MM-7920,Michael Moore,SE0
ML-8265,Muhammed Lee,SE0
RR-9315,Ralph Ritter,SE0
JF-5490,Jeremy Farry,SE0
AG-765,Anthony Garverick,SE2
DS-3030,Darrin Sayre,SE2
AH-75,Adam Hart,SE1
NB-18580,Nicole Brennan,SE1
KD-6270,Karen Daniels,SE0
MJ-7740,Max Jones,SE0
DM-3525,Don Miller,SE1
GH-4665,Greg Hansen,SE0
RM-9675,Robert Marley,SE2
TS-11610,Troy Staebel,SE0
PR-8880,Patrick Ryan,SE0
HP-4815,Harold Pawlan,SE2
EC-4050,Erin Creighton,SE0
BF-1005,Barry Franz,SE2
SC-10050,Sample Company A,SE2
DM-3345,Denise Monton,SE1
CD-2280,Christina DeMoss,SE0
BP-1095,Bart Pistole,SE1
TC-11475,Tony Chapman,SE2
DW-3540,Don Weiss,SE0
BE-1455,Brad Eason,SE2
AH-195,Alan Haines,SE1
DO-3645,Doug O'Connell,SE0
CA-2055,Cathy Armstrong,SE2
LP-7080,Liz Pelletier,SE0
BN-1515,Bradley Nguyen,SE0
NK-8490,Neil Knudson,SE2
AR-510,Andrew Roberts,SE0
VM-11835,Vivian Mathis,SE0
TH-11115,Thea Hudgings,SE1
AB-165,Alan Barnes,SE0
LB-6735,Larry Blacks,SE0
GA-4515,George Ashbrook,SE0
DJ-3630,Doug Jacobs,SE0
LT-6765,Larry Tron,SE0
SG-10080,Sandra Glassco,SE0
TB-11175,Thomas Boland,SE1
AP-915,Arthur Prichep,SE0
ON-8715,Odella Nelson,SE1
SB-10290,Sean Braxton,SE1
AJ-795,Anthony Johnson,SE1
TP-11565,Tracy Poddar,SE1
ML-8040,Michelle Lonsdale,SE1
LC-6870,Lena Cacioppo,SE0
AB-105,Adrian Barton,SE0
AW-840,Anthony Witt,SE0
JO-5280,Jas O'Carroll,SE0
ME-7320,Maria Etezadi,SE2
SW-10455,Shaun Weien,SE0
LP-7095,Liz Preis,SE0
DW-3195,David Wiener,SE1
SC-10770,Stewart Carmichael,SE1
HE-4800,Harold Engle,SE1
DL-3495,Dionis Lloyd,SE1
EJ-4155,Eva Jacobs,SE0
JH-6180,Justin Hirsh,SE0
DK-3150,David Kendrick,SE1
XP-11865,Xylona Preis,SE0
KT-6480,Kean Thornton,SE0
MB-8085,Mick Brown,SE0
AR-345,Alex Russell,SE1
BD-1320,Bill Donatelli,SE0
DP-3165,David Philippe,SE0
KD-6495,Keith Dawkins,SE1
CK-2595,Clytie Kelty,SE0
SB-10170,Sarah Bern,SE0
JJ-5760,Joel Jenkins,SE2
GH-4485,Gene Hale,SE1
DB-3555,Dorothy Badders,SE1
LB-6795,Laurel Beltran,SE2
KT-6465,Kean Takahito,SE0
GA-4725,Guy Armstrong,SE0
DK-3090,Dave Kipp,SE0
SS-10590,Sonia Sunley,SE0
SD-10485,Shirley Daniels,SE2
TS-21085,Thais Sissman,SE0
RA-9945,Ryan Akin,SE0
JO-5145,Jack O'Briant,SE1
LW-7215,Luke Weiss,SE0
RB-9645,Robert Barroso,SE1
MV-7485,Mark Van Huff,SE0
BW-1200,Ben Wallace,SE0
CC-2610,Corey Catlett,SE1
BD-1560,Brendan Dodson,SE2
CS-2505,Cindy Stewart,SE0
VT-11700,Valerie Takahito,SE2
MC-7845,Michael Chen,SE0
KH-6690,Kristen Hastings,SE1
VS-11820,Vivek Sundaresam,SE0
NF-8475,Neil Französisch,SE2
TB-11190,Thomas Brumley,SE2
TS-11205,Thomas Seio,SE1
TD-10995,Tamara Dahlen,SE0
EB-3750,Edward Becker,SE1
AH-690,Anna Häberlin,SE1
TB-11280,Toby Braunhardt,SE0
AM-705,Anne McFarland,SE0
BD-1620,Brian DeCherney,SE0
KF-6285,Karen Ferguson,SE2
BE-1335,Bill Eplett,SE2
HA-4905,Helen Abelman,SE0
ND-8370,Natalie DeCherney,SE0
AA-645,Anna Andreadi,SE0
CC-2430,Chuck Clark,SE2
PL-8925,Paul Lucas,SE2
SO-10335,Sean O'Donnell,SE0
AY-555,Andy Yotov,SE1
JB-6000,Joy Bell-,SE0
SN-10560,Skye Norling,SE2
AH-465,Amy Hunt,SE0
HW-4935,Helen Wasserman,SE1
MC-7425,Mark Cousins,SE1
BT-1680,Brian Thompson,SE0
MG-7650,Matthew Grinstein,SE2
CB-2415,Christy Brittain,SE0
CK-2760,Cyma Kinney,SE1
AG-330,Alex Grayson,SE0
MK-8160,Mike Kennedy,SE0
NC-8625,Noah Childs,SE1
MO-7950,Michael Oakman,SE0
HF-4995,Herbert Flentye,SE0
SJ-10215,Sarah Jordon,SE0
AO-810,Anthony O'Donnell,SE1
RM-9375,Raymond Messe,SE0
MM-8055,Michelle Moray,SE0
DN-3690,Duane Noonan,SE0
EB-3930,Eric Barreto,SE0
NH-8610,Nicole Hansen,SE1
EL-3735,Ed Ludwig,SE2
PS-8760,Pamela Stobb,SE0
ST-10530,Shui Tom,SE0
RH-9510,Rick Huthwaite,SE2
BD-1605,Brian Dahlen,SE0
SC-10440,Shaun Chance,SE1
CG-2040,Catherine Glotzbach,SE2
TG-11310,Toby Gnade,SE0
FO-4305,Frank Olsen,SE0
CS-1950,Carlos Soltero,SE0
LE-6810,Laurel Elliston,SE0
DR-2880,Dan Reichenbach,SE1
JR-5700,Jocasta Rupert,SE0
MS-7710,Maurice Satty,SE0
PM-8940,Paul MacIntyre,SE0
AZ-750,Annie Zypern,SE0
AA-375,Allen Armold,SE0
FM-4290,Frank Merwin,SE2
CR-2820,Cyra Reiten,SE2
VB-11745,Victoria Brennan,SE1
RH-19600,Rob Haberlin,SE0
KH-6330,Katharine Harms,SE1
ME-7725,Max Engle,SE0
FA-4230,Frank Atkinson,SE1
GM-4455,Gary Mitchum,SE2
KH-6510,Keith Herrera,SE0
CD-2790,Cynthia Delaney,SE2
NB-8580,Nicole Brennan,SE1
CS-2250,Chris Selesnick,SE1
SP-10920,Susan Pistek,SE0
TH-11100,Thea Hendricks,SE0
DC-3285,Debra Catini,SE0
CM-2655,Corinna Mitchell,SE2
RF-9735,Roland Fjeld,SE0
LH-6750,Larry Hughes,SE0
JM-5265,Janet Molinari,SE1
CS-1845,Cari Sayre,SE1
CS-1860,Cari Schnelling,SE0
BT-1485,Brad Thomas,SE2
KB-6240,Karen Bern,SE1
KB-6600,Ken Brennan,SE1
LS-7230,Lycoris Saunders,SE0
MS-7365,Maribeth Schnelling,SE0
BG-1740,Bruce Geld,SE0
HJ-4875,Heather Jas,SE2
LR-6915,Lena Radford,SE0
JW-6075,Julia West,SE0
DJ-3420,Denny Joy,SE1
SP-10650,Stephanie Phelps,SE1
VM-21835,Vivian Mathis,SE0
CM-1815,Candace McMahon,SE1
MH-8025,Michelle Huthwaite,SE0
RD-9480,Rick Duston,SE0
PW-9030,Pauline Webber,SE1
EB-4170,Evan Bailliet,SE0
SM-10950,Suzanne McNair,SE1
NP-8325,Naresj Patel,SE0
MP-8175,Mike Pelletier,SE2
CM-2160,Charles McCrossin,SE0
NP-8700,Nora Preis,SE0
BP-1185,Ben Peterman,SE1
SW-10755,Steven Ward,SE1
AC-450,Amy Cox,SE0
SE-10110,Sanjit Engle,SE0
BS-1365,Bill Shonely,SE1
RM-9750,Roland Murray,SE0
BT-1395,Bill Tyler,SE1
BP-1155,Becky Pak,SE0
GT-4635,Grant Thornton,SE1
CM-1935,Carlos Meador,SE0
RE-9405,Ricardo Emerson,SE0
KS-6300,Karen Seio,SE1
TS-11160,Theresa Swint,SE1
ML-7395,Marina Lichtenstein,SE1
BF-1170,Ben Ferrer,SE2
NS-8640,Noel Staavos,SE1
RB-9570,Rob Beeghly,SE0
FM-4380,Fred McMath,SE0
AG-300,Aleksandra Gannaway,SE1
SW-10350,Sean Wendt,SE2
JR-6210,Justin Ritter,SE1
MD-7350,Maribeth Dona,SE0
ML-7755,Max Ludwig,SE2
HA-4920,Helen Andreada,SE0
AS-45,Aaron Smayling,SE1
BF-1215,Benjamin Farhat,SE2
LH-6900,Lena Hernandez,SE0
DP-3390,Dennis Pardue,SE2
DH-3075,Dave Hallsten,SE1
HM-4860,Harry Marie,SE1
SB-10185,Sarah Brown,SE0
RF-9840,Roy Französisch,SE0
SV-10935,Susan Vittorini,SE0
CS-2355,Christine Sundaresam,SE0
GM-4695,Greg Maxwell,SE1
AT-435,Alyssa Tate,SE2
MC-8130,Mike Caudle,SE1
FP-4320,Frank Preis,SE0
DK-3225,Dean Katz,SE1
VG-11790,Vivek Gonzalez,SE0
LF-7185,Luke Foster,SE0
NC-8535,Nick Crebassa,SE1
DB-3405,Denny Blanton,SE0
MH-8115,Mick Hernandez,SE2
SA-10830,Sue Ann Reed,SE0
JK-5640,Jim Kriz,SE2
VF-11715,Vicky Freymann,SE2
VW-11775,Victoria Wilson,SE1
SN-10710,Steve Nguyen,SE2
MS-7980,Michael Stewart,SE1
AD-180,Alan Dominguez,SE2
MC-8100,Mick Crebagga,SE0
JB-5925,Joni Blumstein,SE0
JC-5340,Jasper Cacioppo,SE0
MF-7665,Maureen Fritzler,SE1
RP-9270,Rachel Payne,SE1
PF-9120,Peter Fuller,SE0
DK-2895,Dana Kaydos,SE0
RW-9630,Rob Williams,SE1
TM-11490,Tony Molinari,SE0
Co-2640,Corey-Lock,SE0
EM-3810,Eleni McCrary,SE1
JK-6090,Juliana Krohn,SE0
JH-5430,Jennifer Halladay,SE0
AR-405,Allen Rosenblatt,SE1
TZ-11580,Tracy Zic,SE0
BG-1035,Barry Gonzalez,SE0
PS-9045,Penelope Sewall,SE2
MS-7770,Maxwell Schwartz,SE0
SS-10875,Sung Shariari,SE0
DB-2970,Darren Budd,SE1
SS-10515,Shirley Schmidt,SE2
AW-930,Arthur Wiediger,SE2
PK-8910,Paul Knutson,SE2
GM-4440,Gary McGarr,SE0
CY-2745,Craig Yedwab,SE1
RW-9690,Robert Waldorf,SE0
CC-2100,Chad Cunningham,SE2
KD-6345,Katherine Ducich,SE0
KN-6390,Katherine Nockton,SE1
GT-4710,Greg Tran,SE0
TS-11085,Thais Sissman,SE0
RR-9525,Rick Reed,SE1
MT-7815,Meg Tillman,SE0
JA-5970,Joseph Airdo,SE0
CB-2535,Claudia Bergmann,SE1
AP-720,Anne Pryor,SE2
SP-10860,Sung Pak,SE1
IL-5100,Ivan Liston,SE0
VD-11670,Valerie Dominguez,SE0
EH-3765,Edward Hooks,SE1
BS-1755,Bruce Stewart,SE0
HL-5040,Hunter Lopez,SE0
CA-2310,Christine Abelman,SE1
AC-420,Alyssa Crouse,SE1
CC-2145,Charles Crestani,SE0
KB-6585,Ken Black,SE1
JG-5115,Jack Garza,SE0
GK-4620,Grace Kelly,SE1
FW-4395,Fred Wasserman,SE1
VM-11685,Valerie Mitchum,SE2
RB-9360,Raymond Buch,SE0
AG-495,Andrew Gjertsen,SE1
IM-5070,Irene Maddox,SE0
MC-7635,Matthew Clasen,SE1
SH-10635,Stefanie Holloman,SE1
KC-6540,Kelly Collister,SE0
QJ-9255,Quincy Jones,SE1
JK-5325,Jason Klamczynski,SE1
AI-855,Arianne Irving,SE0
SC-10095,Sanjit Chand,SE0
CT-1995,Carol Triggs,SE0
PJ-8835,Patrick Jones,SE1
JM-6195,Justin MacKendrick,SE0
CV-2295,Christina VanderZanden,SE0
DB-3120,David Bremer,SE1
NL-8310,Nancy Lomonaco,SE2
BB-1545,Brenda Bowman,SE1
BV-1245,Benjamin Venier,SE1
BS-1380,Bill Stewart,SE1
KA-6525,Kelly Andreada,SE0
RB-9795,Ross Baird,SE2
EP-3915,Emily Phan,SE0
JS-5595,Jill Stevenson,SE1
JE-5610,Jim Epp,SE1
CJ-1875,Carl Jackson,SE1
TH-11550,Tracy Hopkins,SE2
HR-4830,Harold Ryan,SE1
KC-6675,Kimberly Carter,SE1
LS-7200,Luke Schmidt,SE1
DL-2925,Daniel Lacy,SE0
WB-11850,William Brown,SE0
SJ-10500,Shirley Jackson,SE0
DF-3135,David Flashing,SE0
SZ-10035,Sam Zeldin,SE2
CK-2205,Chloris Kastensmidt,SE0
TM-11010,Tamara Manning,SE0
FC-4335,Fred Chung,SE1
GB-4530,George Bell,SE1
BF-1275,Beth Fritzler,SE1
NB-8655,Nona Balk,SE1
EH-3990,Erica Hackney,SE0
SP-10545,Sibella Parks,SE1
Dp-3240,Dean percer,SE2
LW-6825,Laurel Workman,SE1
EN-3780,Edward Nazzal,SE0
TZ-11445,Tom Zandusky,SE1
KD-6615,Ken Dana,SE1
LD-7005,Lisa DeCherney,SE0
CL-1890,Carl Ludwig,SE0
HG-4965,Henry Goldwyn,SE1
BO-1350,Bill Overfelt,SE1
YC-11895,Yoseph Carroll,SE1
JM-5535,Jessica Myrick,SE0
RA-9885,Ruben Ausman,SE1
KM-6660,Khloe Miller,SE0
DW-3585,Dorothy Wardle,SE1
TS-11655,Trudy Schmidt,SE0
RK-9300,Ralph Kennedy,SE0
SC-10020,Sam Craven,SE0
AG-390,Allen Goldenen,SE0
AT-735,Annie Thurman,SE0
JW-5955,Joni Wasserman,SE0
AF-885,Art Foster,SE0
KB-6405,Katrina Bavinger,SE2
BP-1290,Beth Paige,SE0
OT-8730,Olvera Toch,SE0
LS-6975,Lindsay Shagiari,SE2
GD-4590,Giulietta Dortch,SE1
MP-7965,Michael Paige,SE1
DS-3180,David Smith,SE1
ED-3885,Emily Ducich,SE2
NZ-8565,Nick Zandusky,SE2
JG-5805,John Grady,SE1
EB-3870,Emily Burns,SE0
BG-1695,Brooke Gillingham,SE1
SR-10425,Sharelle Roach,SE2
AS-90,Adam Shillingsburg,SE0
SP-10620,Stefania Perrino,SE1
SH-10395,Shahid Hopkins,SE0
AR-540,Andy Reiter,SE0
CM-2235,Chris McAfee,SE0
AS-225,Alan Schoenberger,SE1
RA-9915,Russell Applegate,SE0
RS-9420,Ricardo Sperren,SE1
TN-11040,Tanja Norvell,SE2
VP-11730,Victor Preis,SE2
KW-6435,Katrina Willman,SE0
PP-8955,Paul Prost,SE2
SC-10575,Sonia Cooley,SE0
ML-7410,Maris LaWare,SE0
CJ-2010,Caroline Jumper,SE0
FG-4260,Frank Gastineau,SE2
TW-11025,Tamara Willingham,SE2
DB-3210,Dean Braden,SE0
EA-4035,Erin Ashbrook,SE1
EM-3825,Elizabeth Moffitt,SE1
TB-11355,Todd Boyes,SE1
ME-8010,Michelle Ellison,SE1
JE-5715,Joe Elijah,SE0
MC-7605,Matt Connell,SE1
FH-4350,Fred Harton,SE0
BC-1125,Becky Castell,SE2
MG-7875,Michael Grace,SE2
FH-4275,Frank Hawley,SE1
DK-2985,Darren Koutras,SE0
BK-1260,Berenike Kampe,SE0
MP-7470,Mark Packer,SE2
SC-10800,Stuart Calhoun,SE0
BD-1500,Bradley Drucker,SE0
RC-9825,Roy Collins,SE0
MG-7890,Michael Granlund,SE2
ZC-11910,Zuschuss Carroll,SE0
